{
  "best": {
    "loss_bce": 0.6910960078239441,
    "loss": 0.6910960078239441,
    "f1_score": 0.35969395645921726,
    "_base/lr": 0.001,
    "_base/momentum": 0.9,
    "_timers/data_time": 0.019163179397583007,
    "_timers/model_time": 0.9289607524871826,
    "_timers/batch_time": 0.9481638431549072,
    "_timers/_fps": 1178.0793645838967,
    "auc/class_0": 0.5301032,
    "auc/_mean": 0.5301032
  },
  "last": {
    "loss_bce": 0.6910960078239441,
    "loss": 0.6910960078239441,
    "f1_score": 0.35969395645921726,
    "_base/lr": 0.001,
    "_base/momentum": 0.9,
    "_timers/data_time": 0.019163179397583007,
    "_timers/model_time": 0.9289607524871826,
    "_timers/batch_time": 0.9481638431549072,
    "_timers/_fps": 1178.0793645838967,
    "auc/class_0": 0.5301032,
    "auc/_mean": 0.5301032
  },
  "train.1": {
    "loss_bce": 0.6910960078239441,
    "loss": 0.6910960078239441,
    "f1_score": 0.35969395645921726,
    "_base/lr": 0.001,
    "_base/momentum": 0.9,
    "_timers/data_time": 0.019163179397583007,
    "_timers/model_time": 0.9289607524871826,
    "_timers/batch_time": 0.9481638431549072,
    "_timers/_fps": 1178.0793645838967,
    "auc/class_0": 0.5301032,
    "auc/_mean": 0.5301032
  },
  "epoch_0": [
    "logs/exp3/checkpoints/train.1.pth",
    0.5301032,
    {
      "loss_bce": 0.6910960078239441,
      "loss": 0.6910960078239441,
      "f1_score": 0.35969395645921726,
      "_base/lr": 0.001,
      "_base/momentum": 0.9,
      "_timers/data_time": 0.019163179397583007,
      "_timers/model_time": 0.9289607524871826,
      "_timers/batch_time": 0.9481638431549072,
      "_timers/_fps": 1178.0793645838967,
      "auc/class_0": 0.5301032,
      "auc/_mean": 0.5301032
    }
  ]
}